-- ═══════════════════════════════════════════════════════════════════════════════
-- GTCP — Seed Data (Development & Demo)
-- Passwords are argon2id hashes of: admin123 / disp123 / credit123 / etc.
-- Regenerate in production with: node src/db/seed.js --generate
-- ═══════════════════════════════════════════════════════════════════════════════

BEGIN;

-- ── Users (one per role) ───────────────────────────────────────────────────────
-- NOTE: password_hash values are PLACEHOLDERS — real hashes generated by seed.js
INSERT INTO users (id, username, email, password_hash, role, full_name) VALUES
  ('11111111-0000-0000-0000-000000000001', 'admin',      'admin@gtcp.local',      '__HASH_admin__',     'admin',     'Администратор Системы'),
  ('11111111-0000-0000-0000-000000000002', 'dispatcher1','disp1@gtcp.local',       '__HASH_disp__',     'dispatcher','Иванов Диспетчер'),
  ('11111111-0000-0000-0000-000000000003', 'credit1',    'credit1@gtcp.local',     '__HASH_credit__',   'credit',    'Петров Кредит'),
  ('11111111-0000-0000-0000-000000000004', 'billing1',   'billing1@gtcp.local',    '__HASH_billing__',  'billing',   'Сидорова Биллинг'),
  ('11111111-0000-0000-0000-000000000005', 'contracts1', 'contracts1@gtcp.local',  '__HASH_contracts__','contracts', 'Козлов Контракты')
ON CONFLICT (username) DO NOTHING;

-- ── Shippers ───────────────────────────────────────────────────────────────────
INSERT INTO shippers (id, code, name, country, eic_code, credit_limit, current_exposure) VALUES
  ('22222222-0000-0000-0000-000000000001', 'SHP-001', 'Газпром Экспорт',       'RU', '27X-GA-GAZPROM-0', 5000000.00, 2100000.00),
  ('22222222-0000-0000-0000-000000000002', 'SHP-002', 'Naftna Industrija Srbije', 'RS', '27X-NIS-SERBIA-0', 3000000.00, 1500000.00),
  ('22222222-0000-0000-0000-000000000003', 'SHP-003', 'MET Energy Trading',    'CH', '27X-MET-ENERGY-0', 2500000.00, 800000.00),
  ('22222222-0000-0000-0000-000000000004', 'SHP-004', 'WIEH GmbH',             'DE', '27X-WIEH-GMBH-00', 4000000.00, 3900000.00),
  ('22222222-0000-0000-0000-000000000005', 'SHP-005', 'Srbijagas',             'RS', '27X-SRBIJAGAS-00', 2000000.00, 500000.00)
ON CONFLICT (code) DO NOTHING;

-- ── Contracts ──────────────────────────────────────────────────────────────────
INSERT INTO contracts (id, contract_no, shipper_id, contract_type, start_date, end_date,
                       max_daily_mwh, tariff_eur_mwh, status, created_by) VALUES
  ('33333333-0000-0000-0000-000000000001', 'CTR-2026-001', '22222222-0000-0000-0000-000000000001',
   'FIRM',         '2026-01-01', '2026-12-31', 450000, 0.7500, 'ACTIVE', '11111111-0000-0000-0000-000000000001'),
  ('33333333-0000-0000-0000-000000000002', 'CTR-2026-002', '22222222-0000-0000-0000-000000000002',
   'FIRM',         '2026-01-01', '2026-12-31', 280000, 0.7200, 'ACTIVE', '11111111-0000-0000-0000-000000000001'),
  ('33333333-0000-0000-0000-000000000003', 'CTR-2026-003', '22222222-0000-0000-0000-000000000003',
   'INTERRUPTIBLE','2026-03-01', '2026-09-30', 150000, 0.6800, 'ACTIVE', '11111111-0000-0000-0000-000000000001'),
  ('33333333-0000-0000-0000-000000000004', 'CTR-2026-004', '22222222-0000-0000-0000-000000000004',
   'FIRM',         '2026-01-01', '2026-12-31', 380000, 0.7400, 'ACTIVE', '11111111-0000-0000-0000-000000000001'),
  ('33333333-0000-0000-0000-000000000005', 'CTR-2026-005', '22222222-0000-0000-0000-000000000005',
   'FIRM',         '2026-02-01', '2026-12-31', 200000, 0.7100, 'ACTIVE', '11111111-0000-0000-0000-000000000001')
ON CONFLICT (contract_no) DO NOTHING;

-- ── Capacity Bookings ──────────────────────────────────────────────────────────
INSERT INTO capacity_bookings (booking_ref, shipper_id, point, direction, booking_type,
                               capacity_mwh_d, allocated_mwh_d, period_from, period_to, created_by) VALUES
  ('CAP-2026-001', '22222222-0000-0000-0000-000000000001', 'Horgoš',     'ENTRY', 'FIRM',         450000, 430000, '2026-01-01','2026-12-31','11111111-0000-0000-0000-000000000001'),
  ('CAP-2026-002', '22222222-0000-0000-0000-000000000001', 'Gospođinci', 'EXIT',  'FIRM',         450000, 420000, '2026-01-01','2026-12-31','11111111-0000-0000-0000-000000000001'),
  ('CAP-2026-003', '22222222-0000-0000-0000-000000000002', 'Horgoš',     'ENTRY', 'FIRM',         280000, 265000, '2026-01-01','2026-12-31','11111111-0000-0000-0000-000000000001'),
  ('CAP-2026-004', '22222222-0000-0000-0000-000000000004', 'Horgoš',     'ENTRY', 'FIRM',         380000, 375000, '2026-01-01','2026-12-31','11111111-0000-0000-0000-000000000001'),
  ('CAP-2026-005', '22222222-0000-0000-0000-000000000003', 'Horgoš',     'ENTRY', 'INTERRUPTIBLE',150000, 110000, '2026-03-01','2026-09-30','11111111-0000-0000-0000-000000000001')
ON CONFLICT (booking_ref) DO NOTHING;

-- ── Sample Nominations (Gas Day 2026-03-23) ────────────────────────────────────
INSERT INTO nominations (reference, shipper_id, gas_day, direction, point, volume_mwh, status, submitted_by) VALUES
  ('NOM-2026-00001', '22222222-0000-0000-0000-000000000001', '2026-03-23', 'ENTRY', 'Horgoš',     430000, 'MATCHED',           '11111111-0000-0000-0000-000000000002'),
  ('NOM-2026-00002', '22222222-0000-0000-0000-000000000001', '2026-03-23', 'EXIT',  'Gospođinci', 430000, 'MATCHED',           '11111111-0000-0000-0000-000000000002'),
  ('NOM-2026-00003', '22222222-0000-0000-0000-000000000002', '2026-03-23', 'ENTRY', 'Horgoš',     265000, 'PARTIALLY_MATCHED', '11111111-0000-0000-0000-000000000002'),
  ('NOM-2026-00004', '22222222-0000-0000-0000-000000000002', '2026-03-23', 'EXIT',  'Gospođinci', 260000, 'PENDING',           '11111111-0000-0000-0000-000000000002'),
  ('NOM-2026-00005', '22222222-0000-0000-0000-000000000004', '2026-03-23', 'ENTRY', 'Horgoš',     375000, 'PENDING',           '11111111-0000-0000-0000-000000000002')
ON CONFLICT (reference) DO NOTHING;

-- ── Sample Invoice ─────────────────────────────────────────────────────────────
INSERT INTO invoices (invoice_no, shipper_id, period_from, period_to, volume_mwh,
                      tariff_eur_mwh, amount_eur, status, due_date, created_by) VALUES
  ('INV-2026-0001', '22222222-0000-0000-0000-000000000001', '2026-02-01', '2026-02-28',
   12450000, 0.75, 9337500.00, 'ISSUED', '2026-03-31', '11111111-0000-0000-0000-000000000004'),
  ('INV-2026-0002', '22222222-0000-0000-0000-000000000002', '2026-02-01', '2026-02-28',
    7420000, 0.72, 5342400.00, 'PAID',   '2026-03-15', '11111111-0000-0000-0000-000000000004')
ON CONFLICT (invoice_no) DO NOTHING;

-- ── Margin Call (WIEH — over limit) ───────────────────────────────────────────
INSERT INTO margin_calls (shipper_id, exposure_eur, limit_eur, status, issued_by, notes) VALUES
  ('22222222-0000-0000-0000-000000000004', 3900000.00, 4000000.00, 'OPEN',
   '11111111-0000-0000-0000-000000000003',
   'Exposure approaching credit limit. Issued automatically by Credit Monitor.')
ON CONFLICT DO NOTHING;

-- ── Seed audit entries ─────────────────────────────────────────────────────────
INSERT INTO audit_log (action_type, entity_type, entity_id, username, description) VALUES
  ('SYSTEM', NULL, NULL, 'system', 'Database seed completed successfully'),
  ('LOGIN',  NULL, NULL, 'admin',  'Initial admin login during seed');

COMMIT;
